predict,p0,p1
1,0.01894921064376831,0.9810507893562317
1,0.019437730312347412,0.9805622696876526
1,0.013296008110046387,0.9867039918899536
1,0.013296008110046387,0.9867039918899536
1,0.021757125854492188,0.9782428741455078
1,0.014955878257751465,0.9850441217422485
0,0.1425270438194275,0.8574729561805725
1,0.013265013694763184,0.9867349863052368
1,0.013296008110046387,0.9867039918899536
0,1.0,1.0000000328890079E-19
