predict,p0,p1
0,0.5252779722213745,0.4747220277786255
1,0.031588733196258545,0.9684112668037415
1,0.03771555423736572,0.9622844457626343
0,0.056446969509124756,0.9435530304908752
0,0.07569050788879395,0.924309492111206
0,0.04391312599182129,0.9560868740081787
0,0.9865945065394044,0.013405493460595608
1,0.02488023042678833,0.9751197695732117
0,0.08610624074935913,0.9138937592506409
0,0.04877495765686035,0.9512250423431396
